{"Latitude":33.123456,"Longitude":128.123456}